clean_text,sentimen
yes betul sebagai pelatih timnas menangani timnas indonesia dari hal hal dasar cukup sukses asal tidak ada intervensi sty mh jadi pelatih klub mungkin tidak cocok begitu sebaliknya bisa jadi patrick klo latih klub bisa sukses juga,positif
gua gak peduli siapa yang main yang penting timnas indonesia menang dan lolos ke piala dunia aamiin,positif
peluang timnas indonesia ke piala dunia masih ada netizen menang lawan irak harga mati,positif
berharap menang dari jepang dianggap gak masuk akal berharap menang dari arab saudi gimana tuh menormalisasi kekalahan tapi ngarep masuk piala dunia itu kah isi kepala si paling pemikir,positif
iya iya gak boleh ngarep menang dari jepang gak bisa juga ngarep menang dari arab saudi kah kalo kekalahan dinormalisasi terus ngapain mimpi indo masuk di piala dunia,positif
skema timnas langsung lolos pildun indonesia iraq atau bisa lebih golnya lebih bagus iraq arab saudi grup indonesia poin gd arab saudi poin gd iraq poin gd dah gamau tau patrick harus menang lawan iraq gol atau lebih,positif
kalah bukan akhir justru awal untuk evaluasi dan jadi lebih baik tetap dukung penuh timnas indonesia,positif
emang kalau timnas oplosan menang berpengaruh pada kesejahteraan dan peningkatan kualitas hidup seluruh rakyat indonesia,positif
patrick kluivert timnas indonesia harus bangkit dan menang lawan irak,positif
sudah jelas alasannya kenapa dia ga pernah kepilih oleh sty lubang timnaskeren buat petrik tau bagaimana buat indonesia kalah denga taktiknya yg asalanwkwkwk,positif
breaking kemenangan atas laos membuat timnas malaysia kini melampaui poin timnas indonesia di rangking fifa rankings after match points after match rankings after match points after,positif
kualifikasi piala dunia zona asia timnas indonesia segera bangkit dan fokus melawan irak pada pukul wb dini hari indonrsia harus meraih kemenangan untuk menjaga peluang lolos langsung atau jalur playoff,positif
indonesia menang dan timnas harap cemas di match terakhir irak vs arab,positif
maarten paes jadi pahlawan di laga timnas indonesia vs arab saudi dengan penyelamatan keren dia bikin skor tetap bersaing meski kalah semangat terus paes bintang garuda yang selalu bikin bangga timnasindonesia maartenpaes garudabersatu,positif
di timnas indonesia dari pertandingan cuma peroleh kemenangan seri dan kekalahan termasuk vs saudi ga ada harapan mau menang lawan iraq,positif
kita hanya mendukung versi timnas indonesia yang kita suka ada benernya gweh suka timnas indo yang main total football jadi besok lawan irak harus menang pake total football sesuai yang dijanjikan itu yah gamau liat haramball,positif
pemain yang masih bagus di liga indonesia tapi sudah gak cocok main di timnas mau dilihat secara objektif beneran ga paham sama kriteria pilihan pk lebih parah lagi kalau ini hasil lobi buat buka lebih banyak kesempatan pemain liga super mohon berkaca liga kita kayak mana,positif
menlu belanda minta maaf kluivert gagal buat timnas menang lawan saudi bahkan menlu negara tetangga minta maaf ini malahan mentri indonesia rata rata mencemooh rakyat yg nge gaji mereka,positif
irak harus menang mohon maaf indonesia tidak layak menang kita harus jambak bulu mata patrick terus tendang ke belanda pelatih judi suruh ngurus timnas yg ada dia pasang buat hari pemecatan,positif
eksklusif nyobain naik taksi di jeddah arab saudi mobilnya bagusbagus berujung ngomongin soal laga timnas indonesia sama sopirnya bolacomid blclpt timnasindonesia,positif
kalau bagi sipaling fans timnas kayak kalian yang gak punya empati sosial sih ngomongnya gitu apalagi yang dikejar cuma menangnya saja bukan efek sosialnya se kalah apa hidup lu wak sampai lu salty sesama lu yg mau menghidupi sepakbola usia muda di indonesia dengan mandiri,positif
mengirim wasap ke para pemain timnas irak inilah yg membuat timnas indonesia berpeluang menang,positif
coach yang bagus sesuai standar sipaling fans timnas apa menyeluruh dimiliki oleh tiap desakelurahan di seluruh indonesia apa lapangan bagus sesuai standar sipaling fans timnas dimiliki oleh tiap desakelurahan di seluruh indonesia apa jadwal berlatih di ssbakademi di,positif
breaking news timnas malaysia salip ranking fifa timnas indonesia setelah menang atas laos di kualifikasi piala asia,positif
rakyat indonesia gapapa kalo dipaksa harus move on dari sty tapi mbok ya mikir kok penggantinya yang lebih baik dong secara permainan atau setara jahat bener mah pssi merusak salah satu kesenangan rakyat masihkesel kluivertout,positif
harapan timnas masuk piala dunia tipis bang indonesia ngarepin jadi runner up grup b nanti diadu dgn runnerup grup a dan pemenangnya mengikuti babak play off antar konfederasi wakil benua afrika bang berani berapa lawan afrika,positif
media amerika yakin peluang timnas indonesia masih terbuka menang lawan irak bukan mimpi,positif
melawan irak sih prediksiku timnas indonesia akan menang dgn selisih gol yakin,positif
secara statistik dalam tiga laga terakhir bertemu irak tim garuda memang menelan kekalahan akan tetapi harapan itu masih ada untuk timnas indonesia tembus ke piala dunia untuk terus dukung skuad garuda kamu juga bisa ikutan giveaway ig story add yours menangin hadiah,positif
statistik timnas indonesia di bawah asuhan coach patrick kluivert laga menang bahrain china china taipei imbang lebanon kalah australia jepang arab saudi gol kebobolan next match irak,positif
di baca baik kita tau usia diatas tahun itu ngeyelan dan egoisnya tingkat dewa tapi milik indonesia bukan milik kalian yg cari uang di timnas indonesia,positif
sty sepertinya hanya cocok menangani timnas semoga kembali menangani timnas indonesia,positif
siapa sangka niat baik seorang tokoh ternama indonesia justru berujung sengketa panjang akta tahun yang dibuat almarhum sjarnoebi said mantan ketua pssi sekaligus pemilik pt krama yudha kini menyeret menantu dan cucunya ke meja hijau pemberian sukarela yang,positif
pas coach shin masih jadi pelatih timnas indonesia kalo ada tebak skor gua selalu pegang indonesia menang bahkan pas lawan jepang gua nebak seri saking pedenya kemaren tebak skor bejibun gua malah pegang arab semua udah dilevel untrust ke timnas lagi sad,positif
breaking shin taeyong dipecat lagi bukan dari timnas indonesia tapi dari klub barunya di korea selatan ulsan hd fc pelatih tahun itu baru menangani ulsan sejak agustus usai berpisah dengan indonesia pada januari lalu tapi cuma butuh pertandingan bagi,positif
untuk perbaikan jangka panjang pssi harus serius meningkatkan kualitas liga domestik amp program pembinaan pemain muda secara fundamental investasi pada akar rumput sepak bola indonesia mutlak demi prestasi berkelanjutan,positif
coba cermati starting line up timnas indonesia di laga ini vs australia jepangamparab saudi semua berakhir dgn kekalahanampridho tdk ada dlm starting line up tersebutlini pertahanan timnas lbh bagus ketika justin hubner jay idzesamprizky ridho bermain dari menit awal timnasday,positif
kekalahan timnas indonesia dari arab saudi rupanya turut dikomentari oleh menteri luar negeri menlu belanda david van weel david van weel kemudian meminta maaf karena patrick kluivert gagal membantu timnas indonesia meraih kemenangan,positif
karena acuan timnas ya dari grassroot selama sepakbola usia muda di indonesia yang dominan digerakan masyarakat ekonomi menengah kebawah belum bisa mengadaptasi dengan baik main bek ya selama itu timnas main dengan bek kecuali lu gak senang dengan jebolan ssb main di timnas,positif
timnas jaman sty meskipun kalah kita masih bisa terima tp setelahnya kita kembali ke jaman timnas thn yg lalu meski menjengkelkan tetap ditonton semoga sepak bola indonesia kembali ke jaman dimana setiap pertandingan kalahmenang pelatihnya dielu elukan,positif
pelatih arab saudi herve renard menilai pertahanan timnas indonesia cukup rapuh namun dia kecewa karena green falcon tidak bisa lebih klinis untuk mengunci kemenangan lebih cepat timnasgas,positif
wajib menang timnas indonesia siap tancap gas lawan irak di laga penentuan,positif
secara matematis timnas indonesia masih punya harapan untuk lolos kuncinya adalah kemenangan atas timnas irak pada laga kedua atau pamungkas grup b kualifikasi piala dunia zona asia timnasgas,positif
patrick kluivert menjelaskan bahwa mereka sudah berusaha keras untuk bisa mendapatkan kemenangan namun skema ini tidak berjalan sesuai rencana dan arab saudi cukup nyaman setelah menang di area tengah timnasgas,positif
kemaren para pengamat bola yg pintar mmprediksi timnas akan petik point alias timnas menang hasilnya meleset semua bgmn dgn kans lawan iraq demi rasa nasionalisme kpd indonesia katakan yg baik dan yg positif,positif
sederhana tapi si pelatih gapaham malah merubah formasi terbaik dan coba coba di match penting dalam sejarah timnas indonesia shame on you patrick,positif
sejak menang lawan arab di gbk chance lolos langsung timnas indonesia itu langsung terbuka lagi loh ya lawan australia di sydney sty dah ketemu racikan pas buat meredam australia lawan bahrain china ahh gak sulit banget sekaligus penebus kesalahan,positif
pelatih patrick kluivert blunder terbaik yang dimiliki oleh timnas indonesia,positif
bal cipak afc qualifier via menang kalah itu biasa yang penting jangan ngebully ya gaes garudamendunia timnas timnasday timnasindonesiamandiri indonesia afcasianqualifiers,positif
seharusnya anda malulebih baik timnas gak lolos pildun kalau main nya kayak tarkam malu maluin negara indonesia kita bawa nama negara di kancah internasional bukan cuma bawa nama sepakbola sekali lagi seharusnya anda malu dengan keputusan memecat sty,positif
negara ini tidak kekurangan putra terbaik bangsa kalau cuman sekelas erick thohir masih banyak orang yang mumpuni untuk menahkodai pssi kalau timnas indonesia sampai gagal lolos piala dunia erick thohir harus out,positif
arya sinulingga nyebut tim kepelatihan ini terbaik yang pernah dimiliki indonesia postingan feb tapi ini subyektif tergantung ukuran prestasi kluivert punya rekam jejak bagus sebagai pemain tapi timnas baru kalah lawan arab saudi di kualifikasi piala dunia banyak,positif
menteri luar negeri menlu belanda david van weel menyampaikan permintaan maaf usai legenda sepak bola negaranya patrick kluivert belum berhasil membawa timnas indonesia menang atas arab saudi di kualifikasi piala dunia momen itu terjadi saat konferensi pers bersama,positif
the last say thanks to timnas indonesia yg udh berjuang sampai di titik ini menang atau kalah kita ttp mendukungmu we love garuda,positif
walaupun kalah dan permainan timnas kurang bagus namun beberapa pemain ini wajib kita berikan apresiasi semoga dipertandingan melawan irak kita bisa amankan poin dan lolos ke piala dunia skorkilat indonesia timnas kevindiks,positif
patrick kluivert cetak sejarah bikin timnas indonesia menang atas irak di kualifikasi piala dunia zona asia,positif
breaking mantan pelatih timnas indonesia shin taeyong resmi dipecat oleh klub korea selatan ulsan hd pada kamis usai rentetan hasil buruk yang ia dapatkan shin taeyong hanya memainkan pertandingan dan hanya meraih dua kemenangan sob,positif
rekor buruk timnas indonesia saat bertemu arab saudi cuma menang sekali dari pertemuan terakhir,positif
pelatih asal jepang marcos sugiyama menangani tim nasional bola voli putri indonesia untuk sea games,positif
skenario timnas indonesia lolos langsung meski kalah dari arab saudi syaratnya indonesia harus menang minimal selisih gol atas timnas irak pada laga terakhir kemudian arab saudi harus kalah minimal selisih gol dari irak klok zonauang timnas timnasindonesia,positif
indonesia harus puas dengan skor akhir atas arab saudi tapi perjuangan kalian luar biasa terus semangat garuda kalian sudah keren banget beranicetakgol timnas timnasday milklifesoccer milklifesoccerchallenge afc,positif
harapan legenda persebaya surabaya kurniawan dwi yulianto kirim doa terbaik untuk timnas indonesia,positif
ya kemenangan itu memang sudah lama tahun sejak itu irak menang kali dari pertemuan terakhir pertandingan terbaru irak indonesia dan semoga timnas bisa balik trennya,positif
ada jaminan tahun ke depan timnas malay dengan kualitas liga sekarang ngga akan lebih baik dari indonesia,positif
berdasarkan data dari sumber seperti v dan transfermarkt rekor pertemuan timnas indonesia senior vs irak hingga oktober pertandingan indonesia menang imbang kalah kemenangan indonesia hanya sekali pada irak dominan di pertemuan terbaru,positif
setelah hanya laga perjalanan shin taeyong bersama ulsan hyundai berakhir seperti dikutip dari rilis resmi klub ulsan hd fc sang mantan pelatih timnas indonesia itu diberhentikan usai mencatat kemenangan imbang dan kekalahan awal sempat menjanjikan namun,positif
wasit ahmed diserang karena dinilai tidak adil dalam memimpin netizen arab saudi menyebutnya sebagai musuh dengan sejarah buruk baik di level tim nasional maupun klub timnasgas,positif
ridho hubner tdk dimainkan pk serta absennya verdonkenil audero sangat terasa pertahanan timnas indonesia rapuh lawan irak pk hrs benahin strategi istirahatkan ys mk bpn krn menang harga mati utk menjaga peluang lolos langsung wc atau lanjut r timnas timnasindonesia,positif
enggak andai no no n sayuris ga dimainkan gue yakin timnas indonesia bisa meraih hasil lebih baik plus verdonk fit kelar tuh arab,positif
kalau ngomongin gol keren timnas indonesia jawabnya tendangan ke gawang arab saudi tadi malam tuh benerbener clean finish keras tepat dan penuh percaya diri mainnya makin solid garuda terus kasih yang terbaik buat merah putih timnas timnasindonesia timnasgaruda,positif
pelatih timnas indonesia patrick kluivert merasa tidak punya keluhan apapun soal wasit menurutnya pengadil lapangan asal kuwait menjalankan tugas dengan baik,positif
justin hubner rizky ridho dan jay idzes disebutsebut trio terbaik di lini belakang timnas indonesia saat ketiganya main bersama indonesia cuma kalah satu kali,positif
publik tanah air sempat meragukan netralitas wasit asal kuwait yang memimpin laga timnas indonesia vs arab saudi di kualifikasi piala dunia warganet pun meminta maaf usai sang pengadil lapangan menjalankan tugasnya dengan baik timnasgas,positif
dikata si et gampang kaliya ngebentuk timnas indonesia ini dari minus giliran udh membaik malah ganti pelatih,positif
tp kan fans bola di indonesia itu pemaaf dan cepat lupa besok indonesia menang muncul kok mereka tenang aja j dan t bukan fans timnas atau pengamat sepakbola cuma tukang jilat pantat penguasa aja spy dpt kerjaan,positif
rakyat indonesia menangis terutama fans bola dengan line up menghancurkan mimpi timnas ke piala dunia,positif
kehebatan real madrid dalam membalikkan keadaan di momenmomen genting yang biasa disebut remontada telah jadi identitas klub timnas indonesia bisa melakukannya di kualifikasi piala dunia,positif
dari sepak bola kita bisa belajar tentang suatu negara di indonesia orang yang jago menjilat cenderung akan sukses dalam karirnya awal era kluivert gt klok jelekin sty gt balik ke timnas orang modelan gini yg sebenernya gapunya kualitas timnasday timnasindonesia,positif
kluivert timnas wajib menang lawan irak tiga poin harga mati,positif
kegoblogan pelatih pk dan justin hubner rizky ridho dan jay idzes adalah trio terbaik di lini belakang timnas indonesia saat ketiganya main bersama indonesia cuma kalah satu kali,positif
timnas indonesia kehilangan sty di saat menang melawan arab trus di ganti bintang laut tanpa urgensi apapun aneh,positif
timnas indonesia takluk meski memulai dengan baik lawan arab saudi pelatih timnas patrick kluivert menyebut para pemain lawan memang sulit dijaga,positif
meski kalah dari arab saudi timnas indonesia masih punya dua skema menuju piala dunia menang lawan irak asa tetap hidup kalcerbola timnas timnasday kualifikasipialadunia iraklisbc beritasepakbola,positif
pemerintah dan timnas sepakat indonesia hebat tanpa narkoba berantasnarkoba,positif
punggawa timnas bola di indonesia menang jadi raja kalah jadi durjana,positif
timnas arab saudi menuntaskan dendam lama kepada timnas indonesia dengan kemenangan dramatis dalam laga putaran keempat grup b kualifikasi piala dunia zona asia,positif
usai kalah dari arab saudi di laga pembuka timnas garuda masih memiliki peluang lolos ke piala dunia langsung sebagai juara grup indonesia wajib menang lebih dari selisih dua gol saat melawan irak yang akan digelar pada minggu dini hari sembari berharap irak mampu,positif
patrick kluivert gagal bawa kemenangan untuk timnas indonesia menteri luar negeri belanda minta maaf,positif
terima kasih untuk semua yg telah menjadikan timnas berada dilevel seperti saat ini saatnya perkuat dukungan dan kinerja agar level timnas dapat lebih meningkat dan tidak turun kembali doa dan harapan saya yg terbaik untuk timnas indonesia,positif
arab saudi harus bermain dengan pemain melawan timnas indonesia di ronde ke kualifikasi piala dunia usai salah satu pemainnya menerima kartu kuning meski begitu tim tuan rumah tetap menang,positif
timnas indonesia mengalami dari arab saudi dalam laga putaran keempat kualifikasi piala dunia zona asia di stadion king abdullah sports city arab saudi kamis pelatih timnas indonesia patrick kluivert menilai nimnya mengawali pertandingan dengan baik tetapi,positif
pak patrick kluivert menang lawan iraq harga mati ya kalau sampai tidak menang staff pelatih harus out erick tohir dan pssi harus ultimatum tidak ada lagi tawar menawar jika perlu kalian juga harus out ekspektasi kami indonesia lolos pildun timnasday timnasindonesia,positif
herve renard puas arab saudi menang atas timnas indonesia,positif
takdir buruk bisa kita hindari kalau dalam ajaran agama islam niat giveaway yang saya lakukan di twit di bawah ini disebut nazar saya berdoa dan berjanji melakukan sesuatu jika doa saya itu terkabul saya berdoa supaya timnas indonesia menang dan jika menang saya akan,positif
diplomasi sepak bola menlu belanda minta maaf garagara timnas indonesia kalah patrick kluivert gagal menang netijen wah level permintaan maafnya sudah international nih unikbanget timnasind sepakbola,positif
resmi shin taeyong merupakan pelatih terbaik dalam sejarah timnas indonesia detikpontianak pssi bola indonesia timnas,positif
kekalahan timnas indonesia dari arab saudi menjadi sorotan tajam media vietnam thethao mereka menilai hasil tersebut menunjukkan bahwa mantan pelatih garuda shin taeyong masih lebih baik dibanding juru taktik baru patrick kluivert patrickkluivert sepakbola bolaindo,positif
andai punya waktu latihan lebih banyak timnas indonesia diyakni bisa meraih hasil lebih baik simak komentar pascalaga dari patrick kluivert setelah kekalahan dari arab saudi,positif
sepertinya mimpi untuk timnas indonesia untuk tampil di piala dunia harus dikubur dalamdalam peluang untuk lolos ogut prediksi sangat kecil sayangnya pupusnya mimpi itu sebenarnya bisa dihindari dengan game plan yang harusnya lebih baik bukan dari lawan yang superior,positif
baru sembuh dari cedera dan langsung ngasih penampilan terbaik buat timnas indonesia penampilan paes semalem benerbener dari penyelamatan paes mana nih yang menurut jmteam paling keren,positif
pelatih timnas indonesia kluivert mengaku kecewa setelah timnya menelan kekalahan dalam pertandingan putaran keempat kualifikasi piala dunia zona asia melawan arab saudi antaranews tgim kbfm radiokalimaya radiosebayamudamalangraya radioanakmuda radiodewasamuda,negatif
dari jakarta ke jeddah optimisme seputar kans timnas indonesia buat kembali kalahin arab saudi,negatif
usai kekalahan timnas indonesia shin taeyong juga dipecat ulsan hd,negatif
entahlah biarpun timnas indonesia kalah klok dan sayuri blunder pagi gini tetap ngopi untuk merefresh pikiran timnasday,negatif
waktu arab kalah sama indonesia memang pemain nya lagi bapuk ga usah mendewakan timnas seolah tim no asean,negatif
bung jose mourinho layak gantikan posisi pelatih timnas indonesia jika patrick kluivert gagal loloskan indonesia ke piala dunia sudah cukup kekalahan demi kekalahan yg diberikan oleh patrick kluivert,negatif
shin taeyong menjadi satusatunya pelatih timnas indonesia yang tidak pernah kalah di kualifikasi piala dunia melawan arab saudi arab saudi indonesia indonesia arab saudi sty pelatih timnas patrickkluivert selengkapnya,negatif
jay idzes akhirnya buka suara setelah kekalahan dramatis timnas indonesia dari arab saudi dengan skor di kualifikasi piala dunia sang kapten garuda mengungkap kesalahan fatal yang jadi titik balik kekalahan indonesia meski unggul lebih dulu fyp football football,negatif
lihatlah orang irak ini yang meremehkan tim indonesia dan bertanya kepada pemain saudi kamu tidak akan bisa mengalahkan tim indonesia yang lemah kecuali dengan susah payah jadi apa yang akan kamu lakukan melawan tim irak,negatif
berikut daftar penyebab kekalahan timnas indonesia versi saya sebagai penonton sepakbola dan juga konten kreator jika mau mendengarkan saya membahas sepakbola populer dan ingin terlibat diskusi bisa download apps atau melalui website,negatif
bro klo beckham jelek di pertandingan semalam ya udah broemg faktanya gitu hrsnya tanyain tu pelatih timnas indonesia yg ngasih role beckham disitu sesuai kemauan fans persib apa enggak,negatif
pengamat malaysia bongkar satu keputusan patrick kluivert yang bikin timnas indonesia kalah dari arab saudi apa itu,negatif
timnas indonesia kalah dari arab saudi di laga perdana grup b ronde ke kualifikasi piala dunia kamis dini hari wib gol indonesia kevin diks penalti menit amp gol arab saleh alshamat firas alburaikan penalti amp pertandingan penuh,negatif
opini penyebab timnas indonesia kalah lawan arab saudi sebuah utas setelah menonton pertandingan timnas indonesia vs arab saudi yang menguras perasaan berikut beberapa poin dari apa yang saya lihat dari pertandingan kemarin untuk timnas indonesia,negatif
jejak dulu nonton ntar iraq lebih kuat dari arab saudi timnas indonesia akan kalah jika bermai via,negatif
kekalahan dan imbang timnas indonesia belum pernah tundukkan irak,negatif
sty membawa korsel ke wc dibawa ke indonesia urus timnas garuda senior u amp u diputusin kontrak tengah jalan nah kluivert cuman timnas garuda senior lawan saudi arabia kalah gimana lawan irak kluivert gak kenal kemampuan pasukannya titik udah mentok,negatif
pelatih timnas india akui nonton kekalahan timnas indonesia saat melawan arab saudi di kualifikasi piala dunia zona asia timnasgas selengkapnya,negatif
wkakwkaka nah kan tipikal pens timnas pada umumnya kalo kalo kalo skrng kita pake logika yg sama kalo oratmangeon nyetak gol lewat open play indonesia gk akan kalah intinya sama main jelek tp bisa beda perlakuan disini yg gw liat supporter timnas kek lu gk objektif,negatif
biasanya sering stay and watch video timnas indonesia yang muncul di timeline gegara kekalahan konyol vs arab saudi kemarin jadi asal skip aja masih makdegg lihatnya,negatif
heran sama fans persib dulu ngata in timnas indonesia apalah dllada yang ingatskrg dikritik pemainnya bermain jelek kita suruh maklumin dan hargai usahanya,negatif
nah itu bang setiap ada harapan selalu di hancurin harapan itu gua gak perduli siapa pun pelatih nya gua benci aja harapan yg di dpn mata di ancurin sama orng dalam itu juga buat nikmatin timnas indonesia aja masih di ancurin harapan kita cba itu bang,negatif
indonesia harus belajar banyak dari kekalahan lawan arab saudi hari ini semangat dan kerja keras tetap nomor satu terus dukung timnas karena setiap kegagalan adalah langkah untuk bangkit lebih kuat timnasindonesia semangatmerahputih,negatif
emang pada dasarnya saat sekarang masih banyakan orang sentimen negatif sama bola indonesia timnas ataupun liga nya masih ada beberapa orang mikir ngapain nontonin indo ntar juga kalah,negatif
menteri belanda minta maaf ke fans timnas indonesia usai kekalahan dari arab saudi,negatif
bek timnas indonesia justin hubner meminta maaf atas postingan yang ia unggah di instagramnya justinhubner setelah kekalahan dari timnas arab saudi yang memancing kontroversi ia mengunggah tangkapan layar dari akun media sosial kekasihnya jennifer coppen,negatif
era sty timnas indonesia dengan skuad ala kadarnya belum bisa kalahkan timnas irak kini dengan skuad mewah mampukah patrick kluivert melakukannya live di rcti minggu dini hari pukul wib,negatif
timnas indonesia kalah tipis oleh arab saudi apakah peluang tim garuda masih ada dara timnasday push malamjumat klok paes,negatif
erick thohir sedang berdiskusi dengan erick thohir terkait kekalahan indonesia atas arab saudi serta tentang persiapan timnas melawan irak,negatif
persiapan pengambilan alih paksa podcast bandit podcast pasca kekalahan timnas indonesia lawan arab saudi,negatif
media vietnam ikut gagal paham dengan strategi patrick kluivert saat timnas indonesia kalah dari arab saudi,negatif
media amerika ini ungkap satu kelemahan timnas indonesia usai dikalahkan arab saudi,negatif
para buzzer patrick kluivert dan pembenci styshin tae yonglagi konser kekalahan timnas indonesia,negatif
berarti mundur jadi ketum pssi setelah indonesia gagal lolos pildun dong betul apa betul,negatif
faktor timnas indonesia kalah dari arab saudi pengamat game plan tak berjalan mulus,negatif
meski kalah dari arab saudi peluang timnas indonesia ke piala dunia masih terbuka meski tipis ada dua syarat utama yang harus dipenuhi agar skuad garuda bisa melaju ke putaran berikutnya bolanet timnasindonesia intrnbyn,negatif
please kembalikan formasi timnas indo ke dgn winning elevennya kasihlah alex pastor memegang kendali strategi bek patrick kluivert tidak cocok dgn para pemain timnas indonesia sudah terbukti gagal lawan australia dan arab saudi,negatif
eksperimen gagal yang terus berulang menjadi salah faktor turunnya performa timnas di ajang internasional petaka mulai muncul dengan menggantikan pemain kunci di pertahanan skuad garuda saat melawan australia,negatif
timnas indonesia kalah atas arab saudi di laga round kualifikasi piala dunia zona asia mampukan anak asuh patrick kluivert bangkit amp membuktikan mimpi ke piala dunia simak dialognya dalam rosikompastv live sesaat lagi di kompastv,negatif
mantan pelatih timnas indonesia shin taeyong resmi dipecat dari kursi pelatih ulsan hd menyusul serangkaian hasil buruk yang menimpa tim juara bertahan k league liga korea selatan baca di sini shintaeyong,negatif
mencintai timnas indonesia sejak lama sejak nonton bola taunya cm gol doang smpe skrg udh banyak tau termasuk tau resiko dari mencintai timnas indonesia itu sendiri resiko sakit hati krna kegagalan tp jujur aku udh lama ga ngerasain sesakit ini sih kali ini benaran sakit,negatif
mimpi timnas indonesia untuk mengukir sejarah dengan lolos otomatis ke piala dunia kini berada di ujung tanduk kekalahan menyakitkan dari arab saudi dalam laga perdana grup b putaran keempat kualifikasi piala dunia membuat peluang skuad garuda untuk menjadi juara,negatif
timnas indonesia melakoni laga perdana kualifikasi piala dunia ronde keempat dengan hasil buruk,negatif
timnas sepak bola indonesia kalah melawan arab full kesalahan pelatih timnas yang akan membuat timnas sepak bola indonesia pulang keindonesia membawa bendera kekalahan ticket lolos masuk piala dunia dijual pelatih timnas,negatif
ayok balas kan dendam dari kekalahan timnas indonesia mixparlay timnasindonesia garuda garudamendunia kitagaruda,negatif
ig story justin hubner yg sudah dihapus pasca kekalahan timnas indonesia dari arab saudi itu bahas tentang apakah,negatif
di cari orangorang yang paling berisik ketika timnas indonesia kalah,negatif
mark klok anj pemain jelek attitude jelek semua jelek lu gk layak di timnas indonesia bajingan,negatif
usai kekalahan timnas indonesia atas arab saudi shin taeyong malah dipecat ulsan hd,negatif
media vietnam soha ikut menyoroti kekalahan timnas indonesia kontra arab saudi pada laga pertama grup b putaran keempat kualifikasi piala dunia zona asia pialadunia timnasindonesia,negatif
pelatih timnas indonesia patrick kluivert memuji kinerja wasit ahmad al ali saat skuad garuda dikalahkan arab saudi sepakat sob bolaskorcom timnasindonesia patrickkluivert ahmedalali,negatif
berdasarkan pencarian saya tidak ada laporan terverifikasi dari sumber kredibel tentang pemain abroad timnas indonesia yang terlibat perkelahian fisik di sesi latihan justin hubner baru minta maaf atas ig storynya yang emosional pasca kalah dari arab saudi diduga sindir,negatif
mantan pelatih timnas indonesia shin taeyong resmi diputus kontrak dari kursi pelatih ulsan hd menyusul serangkaian hasil buruk yang menimpa tim juara bertahan k league liga korea selatan keputusan ini diumumkan manajemen klub pada kamis sore waktu setempat,negatif
meremehkan seluruh usaha amp perjuangan mereka selama ini hanya karena progresnya tidak secepat yg orang egois kayak lu pada bahkan pssi saja tidak seegois itu makanya fandom itu pelatih adalah fandom terburuk yang pernah ada di sepakbola indonesia karena sikap amoralnya,negatif
pukulan telak timnas indonesia kalah dari arab saudi di kualifikasi piala dunia analisis mengungkap kelemahan strategi dan eksperimen pemain yang merugikan tim,negatif
timnas indonesia kalah atas arab saudi di laga round kualifikasi piala dunia zona asia mampukan anak asuh patrick kluivert bangkit amp membuktikan mimpi ke piala dunia simak dialognya dalam rosikompastv pkl wib live di kompastv,negatif
kluivert salah taktik timnas indonesia otw gagal ke piala dunia line up aneh timnas kenapa bermain bek pergantian pemain terlambat arab suka mengulur waktu amp peluang lolos,negatif
cara timnas indonesia langsung lolos piala dunia meski kalah lawan arab saudi irak jadi kunci lewat,negatif
ole romeny comeback merumput setelah sempat lama cedera penampilannya bersama terhitung memuaskan meski timnas didera kekalahan,negatif
indonesia kalah dari arab saudi eks pemain timnas ekspektasi kita terlalu tinggi,negatif
idzes solid bahkan terlalu mewah buat ukuran timnas indonesia pelupessy memang ball winning murni jadi doi jelek kalau nyerang diks bek yang menyerang jadi doi kalau aja ditaruh bek kanan doi mungkin bisa leluasa ragnar false punya kecepatan buat counter sayang ga dapet,negatif
warganet erick thohir biang kerok kekalahan timnas indonesia,negatif
momen tak terduga terjadi dalam pertemuan bilateral di mana menteri luar negeri belanda david van weel menyampaikan permintaan maaf kepada pecinta sepak bola indonesia permintaan maaf ini terkait kekalahan timnas indonesia dari arab saudi dalam kualifikasi piala dunia,negatif
kapten timnas indonesia jay idzes tampak kesal setelah kalah dari arab saudi terutama karena garuda dirasa sangat cepat berbalik tertinggal,negatif
gue diceritain bokap klo alm kakek itu beneran gila bola klo beliau di jkt dan timnas main pasti beliau hadir di senayan pas kita kalah dari korea pas taun bokap cerita waktu itu kakek bener lesu pas pulang soman indak bakaki urang indonesia main kata beliau,negatif
kekalahan timnas indonesia dari arab saudi pada laga kualifikasi piala dunia zona asia memicu gelombang komentar di media sosial banyak netizen menganggap performa skuad garuda di bawah asuhan patrick kluivert belum mampu menandingi era kepelatihan shin taeyong sty,negatif
shin taeyong dipecat dari ulsan hd saat timnas indonesia kalah dari arab saudi lewat,negatif
kekalahan timnas indonesia melawan arab saudi turut menjadi perbincangan media luar negeri salah satu yang mengulas kekalahan skuad garuda adalah media asal korea selatan timnasgas,negatif
timnas indonesia kalah dari arab saudi di laga kualifikasi piala dunia kevin diks cetak dua gol penalti paes tampil gemilang dengan tujuh penyelamatan timnasindonesiamandiri garudamendunia worldcupqualifiers timnas indonesiavssaudiarabia,negatif
korea negara asalnya aja bisa dikalahkan sma timnas indonesia coba petrik bisa gak klo bisa gue cium tangannya si patrik bolak balik,negatif
bapk punya malu gk ya indonesia sdh kalah atas arab saudi seharusnya anda mundur lah karena anda tdk layak jd ketum pssi,negatif
justin hubner minta maaf karena ig storynya setelah kekalahan timnas indonesia dari arab saudi dianggap sebagai kritik ke pelatih lantaran ia tak dimainkan isinya kita semua setuju siapa yang seharusnya berada di lapangan dengan emoji jari di bibir ia sebut itu,negatif
performa wasit semalam nih menurut kamu layak dapet bintang berapa meskipun indonesia memakan kekalahan semalam tapi perjuangan timnas indonesia kembali lanjut melawan iraq iraq indonesia di kualifikasi piala dunia oktober wib live,negatif
kekalahan dari arab murni kesalahan pelatih timnas indonesia petrik susunan pemain di set sudah jelas kesalahan pelatih,negatif
pengakuan dosa herve renard jelang lawan timnas indonesia udah gagal capai target di arab saudi,negatif
herve renard menjelaskan bahwa kekalahan mereka di stadion utama gelora bung karno jakarta masih membekas menurutnya ini yang jadi motivasi bagi semua pemain untuk bisa mendapatkan hasil maksimal timnasgas,negatif
skenario timnas indonesia lolos piala dunia usai kalah dari arab saudi,negatif
mungkin kalau gagal timnas indonesia ke piala dunia salahkan salah satu influencer penyelong sepakbola belanda ni si botak pas sty ngelatih dia jelekan permainan sty yang ngandelin serangan balik aja,negatif
alasan timnas indonesia kalah dari arab saudi thread,negatif
apakah ada komentar dari ketua menpora untuk ketua pssi atas kekalahan timnas indonesia semalam,negatif
kalau masih ada et dan gerombolannya sty tidak akan balik hanya di indonesia ketua federasi tidak mau kalah pamor dgn pelatih timnas,negatif
pertahanan timnas indonesia jadi sorotan usai kalah dari arab saudi di kualifikasi piala dunia sisi kanan pertahanan yang dijaga yakob sayuri jadi titik lemah utama dengan banyak serangan datang dari area tersebut timnasindonesia kualifikasipialadunia,negatif
apakah timnas indonesia bisa lolos ronde kualifikasi piala dunia jika kalah dari irak baca,negatif
higlight ronde kualifikasi piala dunia zona asia timnas indonesia harus kalah atas tuan rumah arab saudi timnasday,negatif
semoga kekalahan indonesia tidak diikuti kekalahan dunia melawan israel timnas indonesia yang sedang berjuang lolos tiket piala dunia menjadi perhatian masyarakat dunia pertandingan pertama r kualifikasi piala dunia di king abdullah sports city stadium jeddah kamis,negatif
shin taeyong mantan pelatih timnas indonesia resmi dipecat dari kursi pelatih ulsan hd kabar ini disampaikan manajemen klub pada kamis padahal sty baru saja agustus lalu melatih di klub ini kekalahan beruntun membuat ulsan hd berada dalam situasi krisis,negatif
bikin gaduh setelah timnas indonesia kalah dari arab saudi justin hubner saya minta maaf,negatif
kok bisa pas banget ya setelah timnas kalah ada berita ginian tapi cuma kebetulan aja si sama kaya dulu kebetulan banget tiba beritain timnas indonesia selang berapa lama fabrizio juga dapet endorsan dari tapi cuma kebetulan aja si,negatif
kok bisa pas pasan timnas indonesia kalah apakah ini tanda tanda sty bakal comeback ke timnas setelah dipecat ulsan who knows,negatif
menlu belanda sampai minta maaf usai timnas indonesia kalah dari arab saudi menurut kamu wajar nggak baca selengkapnya di artikel kami timnasindonesia kualifikasipialadunia patrickkluivert,negatif
ketum pssi erick thohir berpesan ke timnas indonesia selepas dikalahkan arab saudi erick minta skuad garuda segera bangkit,negatif
timnas indonesia menderita kekalahan dari arab saudi dalam laga babak keempat kualifikasi piala dunia selepas kekalahan ini ada unggahan salah satu penggawa garuda justin hubnner yang bikin panas,negatif
orangorang ini kayak main sepak bola saja omongannya pola permainan justru dilatih kluivert timnas bermain lebih simpel dan mungkin ini cocok diterapkan tim peringkat an fifa seperti indonesia masalahnya adalah kualitas pemain lokal yang masih jelek tapi dimainkan,negatif
menteri luar negeri menlu belanda david van weel menyampaikan permintaan maaf kepada publik indonesia usai timnas indonesia kalah dari arab saudi di kualifikasi piala dunia zona asia dalam konferensi pers bersama menlu ri sugiono di gedung pancasila van weel,negatif
news hot timnas indonesia harus menerima kekalahan menyakitkan saat melawan arab saudi,negatif
malamnya timnas indonesia kalah lawan saudi eh pagi dpt kabar eks pelatih timnas shin taeyong dipecat ulsan hd,negatif
timnas indonesia gagal curi poin di jeddah semangat garuda tetap membara,negatif
publik vietnam menilai pintu gerbang menuju piala dunia semakin tertutup bagi timnas indonesia usai kekalahan dari arab saudi,negatif
timnas indonesia kalah dari arab saudi terpuruk di dasar klasemen grup b beritanasional timnasindonesia pialadunia,negatif
kenangan pahit timnas arab saudi saat pelatih timnas garuda sty setelah pecat sty arab saudi mampu kalahkan indonesia kira yg goblok siapa,negatif
gw lupa kalo tijjani pemain belanda saking banyaknya pemain keturunan di timnas mana dia mukanya indonesia bgt,netral
kluivert berharap calvin verdonk main lawan irak,netral
si ini udh tau klo timnas indonesia susah buat juara grup bro makan nya dia nazar gini karena gak mungkin kedengerannya kejam tapi realistis,netral
tren positif timnas indonesia u di sea games,netral
siaran langsung timnas indonesia u vs india u malam ini,netral
timnas indonesia tumbang dari arab saudi paes kecewa hasilnya tidak sesuai harapan,netral
silahkan pahami arti prestasi lalu korelasikan dengan pencapain coach shin dengan timnas indonesia,netral
ratu thisa boleh lah dia juga punya pengalaman ttng sepal bola tapi yg lu juga tau ini indonesia bro lu baru datang dengan perubahan lu pasti akan di sorot dari banyak lini etah itu dari masyrakat pengamat politik dan pemerintah dan bahkan dari internal pssi sndri,netral
jens raven usung misi khusus di sea games bantu timnas indonesia pertahankan emas,netral
bayangin sty merangkap jabatan utk u juga ini indonesia lho bukan tim kuat asia macem jepang korsel aussie dll klo lo ngikutin timnas dari zamannya piala tiger pasti sedih liat sosok pelatih yg udah berbuat bnyk naikin derajat timnas dbuang gitu aja sblm tugasnya rampung,netral
jadwal siaran langsung timnas indonesia u vs india malam ini,netral
timnas indonesia dan timnas pusat samasama dua pinalti bedanya mereka sudah pasti lolos piala dunia sedangkan indonesia harus berjuang sampai darah penghabisan,netral
pdhal sebelumnya patrick mengatakan bahwa pertandingan ini ibarat final dari awal sy juga sdh intip koq timnya beda respons utk mengganti pemain juga terlalu lama,netral
update ranking fifa timnas indonesia hari ini resmi disalip malaysia hingga ditinggal thailand patrick kluivert merana,netral
tag wts tiket nonton bareng timnas indonesia irak cgv grand indonesia sabtu minggu cod jakarta jkt,netral
meskipun ramai timnasday tentang pssi klok dan dara cah ayu mari lihat tentang program makan bergizi gratis mbg yang menjadi harapan dari presiden sebagai langkah strategis menuju indonesia emas melalui anakanak indonesia yang lebih sehat dan cerdas,netral
tumbang dari arab saudi ole romeny tegaskan timnas indonesia siap bangkit lawan irak,netral
live di rcti malam hari ini jadwal siaran langsung timnas indonesia vs irak di kualifikasi piala dunia laga hidup mati,netral
jadwal siaran langsung timnas indonesia u vs india u jelang sea games malam ini jens raven siap menggila,netral
kegiatan fasilitasi nonton bareng sepak bola timnas indonesia melawan arab saudi pada laga pertama grup b babak keempat kualifikasi piala dunia zona asia dinkominfopbg dinkominfopurbalingga purbalinggamedia,netral
patrick kluivert jangan tundukkan kepala timnas indonesia,netral
cdm bayu priawan yakin timnas indonesia u asuhan indra sjafri sanggup pertahankan emas di sea games,netral
me to paling tidak di tangan sty timnas indonesia terlihat lebih sehat,netral
kalian hanya mencaricari alasan saja tidak penting di mana pertandingan dimainkan yang terpenting adalah apa yang ditampilkan oleh para pemain selain itu timnas indonesia sama sekali tidak melakukan apaapa dalam pertandingan bahkan golgolnya pun hanya dari penalti,netral
kualifikasi piala dunia irak jadi harapan terakhir timnas indonesia,netral
wts tiket timnas indonesia vs india category garuda east tidak pake garuda id tinggal masuk,netral
kok nggak ada yg nyerang pramono anung padahal waktu ganjar tolak timnas sepak bola israel main di indonesia semua menyerang dan merujak habishabisan pak ganjar,netral
ngga belom tau aja upgradenya skuad timnas indonesia tapi tidak dengan pelatihnya,netral
membicarakan peluang dan skenario timnas indonesia lolos ke piala dunia setelah melihat starting setup dan game play lawan saudi semalam anda semua sedang bergurau masalahnya bukan lolos atau tidak tapi pantas atau tidak,netral
keputusan aneh patrick kluivert di laga timnas indonesia vs arab saudi mengapa thom haye malah dicadangkan timasindonesia indonesia arabsaudi trending jumat,netral
hari ini oktober indonesia mengalami dua gempa m di jayapura dan m di aceh tanpa potensi tsunami ekonomi menteri keuangan prediksi pertumbuhan pasca injeksi likuiditas rp t olahraga timnas indonesia vs arab saudi pukul wib di rctigtv,netral
wasit ahmed alali bungkam pssi netizen maaf kami sudah suudzon timnasday timnas indonesia timnasindonesia wasit arabsaudi,netral
laga hidupmati timnas indonesia vs irak timnasindonesia irakvsindonesia garudafight pialadunia rcti kualifikasipialadunia dukungtimnas jeddahbattle lagapenentu,netral
pssi secara resmi menunjuk patrick kluivert sebagai pelatih timnas indonesia pada januari dengan kontrak tahun plus opsi perpanjangan keputusan ini diambil oleh komite eksekutif pssi dipimpin ketua erick thohir berdasarkan pengalaman dan kualitas kepemimpinannya tidak,netral
pertandingan arab vs indonesia mungkin sdh dijual entah oleh pssi pelatih atau mafia bola,netral
media arab saudi kuliti revolusi taktik patrick kluivert di timnas indonesia,netral
tolong jelaskan apa yang terjadi dengan timnas indonesia,netral
perumpamaan simple ibarat orang chindo bela timnas indonesia ya tapi mereka ttp aja gk paham wkwk,netral
sedikit gw lurusin ya kebanyakan pemain prancis emang keturunan afrika ya tapi mereka lahir dan besar di prancis jadi punya hak dong bela timnasnya ibaratnya orang chindo di indonesia keturunan chinese trus bela timnas indonesia ya sah aja kan,netral
timnas indonesia dihajar arab saudi shin taeyong resmi dipecat,netral
ibarat orang chindo di indonesia bela timnas ya kayak prancis ini orang keturunan afrika lahir dan besar di prancis dan mereka juga didikan ssb di prancis,netral
ibarat orang keturunan chinese bela indonesia lahir dan besar di indonesia sama juga kayak prancis banyak keturunan afrika dan mereka dari kecil di prancis dididik di ssb prancis dan bela timnas prancis paham kan,netral
ibarat orang chindo di indonesia bela timnas paham kan prancis bukan naturalisasi mereka dari kecil dan besar disana,netral
jay idzes minta maaf belum bisa bahagiakan fans timnas indonesia,netral
better dukung timnas hongkong dulu daripada dukung timnas indonesia,netral
kasusnya kayak orang chindo tinggal di indonesia trus bela timnas paham kan,netral
halo bangun dari mimpi sudahlah nikmati pertandingan namun gak usah berharap lebih timnas indonesia masuk piala dunia,netral
da emang iya om timnas kami mah bandung ti jaman aki ge geus kitu karakterna cuma kalau sampe ngagogoreng timnas indonesia mah ya ga seharusnya juga sih hahaha,netral
shin tae yong dipecat ulsan hd setelah bulan bekerja timnasday timnas indonesia timnasindonesia sty shintaeyong,netral
masih kualifikasi asian cup dimana match lawan vietnam menggunakan pemain yang dokumennya dipalsukan tau apa tentang timnas indonesia yang udah di round wcq poin lawan vietnam harusnya hangus karena sanksi,netral
